Handle,Title,Body (HTML),Vendor,Product Category,Type,Tags,Published,Option1 Name,Option1 Value,Variant SKU,Variant Grams,Variant Inventory Tracker,Variant Inventory Qty,Variant Inventory Policy,Variant Fulfillment Service,Variant Price,Variant Compare At Price,Variant Requires Shipping,Variant Taxable,Variant Barcode,Image Src,Image Position,Image Alt Text,Gift Card,SEO Title,SEO Description,Variant Weight Unit,Status
patches-for-clothes,Patches for Clothes,Custom embroidered patches with sleek thin-stitched edge or robust Merrow border.,Patch Kraze,Uncategorized,embroidered,"Patches for Clothes, patches, Popular, rush, Standard Patches",true,Patch Size x Quantity,1.0 inch - 25-49,00840400502500-2549,0,shopify,100,deny,manual,1.23,,true,true,,https://cdn.shopify.com/s/files/1/0661/2965/7940/files/embroidered-main.jpg?v=1770380996,1,,false,,,lb,active
patches-for-clothes,,,,,,,,,1.0 inch - 50-99,00840400502500-5099,0,shopify,100,deny,manual,1.07,,true,true,,,,,,,,,lb,
patches-for-clothes,,,,,,,,,1.0 inch - 100-199,00840400502500-100199,0,shopify,100,deny,manual,0.80,,true,true,,,,,,,,,lb,
patches-for-clothes,,,,,,,,,1.0 inch - 200-499,00840400502500-200499,0,shopify,100,deny,manual,0.57,,true,true,,,,,,,,,lb,
patches-for-clothes,,,,,,,,,1.0 inch - 500-999,00840400502500-500999,0,shopify,100,deny,manual,0.41,,true,true,,,,,,,,,lb,
patches-for-clothes,,,,,,,,,1.0 inch - 1000+,00840400502500-1000,0,shopify,100,deny,manual,0.38,,true,true,,,,,,,,,lb,
patches-for-clothes,,,,,,,,,1.5 inch - 25-49,00840400502501-2549,0,shopify,100,deny,manual,1.86,,true,true,,https://cdn.shopify.com/s/files/1/0661/2965/7940/files/embriodary_3.jpg?v=1770382510,2,,,,,,lb,
patches-for-clothes,,,,,,,,,1.5 inch - 50-99,00840400502501-5099,0,shopify,100,deny,manual,1.62,,true,true,,,,,,,,,lb,
patches-for-clothes,,,,,,,,,1.5 inch - 100-199,00840400502501-100199,0,shopify,100,deny,manual,1.19,,true,true,,,,,,,,,lb,
patches-for-clothes,,,,,,,,,1.5 inch - 200-499,00840400502501-200499,0,shopify,100,deny,manual,0.84,,true,true,,,,,,,,,lb,
patches-for-clothes,,,,,,,,,1.5 inch - 500-999,00840400502501-500999,0,shopify,100,deny,manual,0.62,,true,true,,,,,,,,,lb,
patches-for-clothes,,,,,,,,,1.5 inch - 1000+,00840400502501-1000,0,shopify,100,deny,manual,0.56,,true,true,,,,,,,,,lb,
patches-for-clothes,,,,,,,,,2.0 inch - 25-49,00840400502502-2549,0,shopify,100,deny,manual,2.48,,true,true,,https://cdn.shopify.com/s/files/1/0661/2965/7940/files/embriodary_4.jpg?v=1770382510,3,,,,,,lb,
patches-for-clothes,,,,,,,,,2.0 inch - 50-99,00840400502502-5099,0,shopify,100,deny,manual,2.15,,true,true,,,,,,,,,lb,
patches-for-clothes,,,,,,,,,2.0 inch - 100-199,00840400502502-100199,0,shopify,100,deny,manual,1.59,,true,true,,,,,,,,,lb,
patches-for-clothes,,,,,,,,,2.0 inch - 200-499,00840400502502-200499,0,shopify,100,deny,manual,1.07,,true,true,,,,,,,,,lb,
patches-for-clothes,,,,,,,,,2.0 inch - 500-999,00840400502502-500999,0,shopify,100,deny,manual,0.81,,true,true,,,,,,,,,lb,
patches-for-clothes,,,,,,,,,2.0 inch - 1000+,00840400502502-1000,0,shopify,100,deny,manual,0.74,,true,true,,,,,,,,,lb,
patches-for-clothes,,,,,,,,,2.5 inch - 25-49,00840400503318-2549,0,shopify,100,deny,manual,3.11,,true,true,,https://cdn.shopify.com/s/files/1/0661/2965/7940/files/embriodary_11.jpg?v=1770382510,4,,,,,,lb,
patches-for-clothes,,,,,,,,,2.5 inch - 50-99,00840400503318-5099,0,shopify,100,deny,manual,2.69,,true,true,,,,,,,,,lb,
patches-for-clothes,,,,,,,,,2.5 inch - 100-199,00840400503318-100199,0,shopify,100,deny,manual,2.00,,true,true,,,,,,,,,lb,
patches-for-clothes,,,,,,,,,2.5 inch - 200-499,00840400503318-200499,0,shopify,100,deny,manual,1.41,,true,true,,,,,,,,,lb,
patches-for-clothes,,,,,,,,,2.5 inch - 500-999,00840400503318-500999,0,shopify,100,deny,manual,1.02,,true,true,,,,,,,,,lb,
patches-for-clothes,,,,,,,,,2.5 inch - 1000+,00840400503318-1000,0,shopify,100,deny,manual,0.92,,true,true,,,,,,,,,lb,
patches-for-clothes,,,,,,,,,3.0 inch - 25-49,00840400503219-2549,0,shopify,100,deny,manual,3.71,,true,true,,https://cdn.shopify.com/s/files/1/0661/2965/7940/files/embriodary_14.jpg?v=1770382510,5,,,,,,lb,
patches-for-clothes,,,,,,,,,3.0 inch - 50-99,00840400503219-5099,0,shopify,100,deny,manual,3.21,,true,true,,,,,,,,,lb,
patches-for-clothes,,,,,,,,,3.0 inch - 100-199,00840400503219-100199,0,shopify,100,deny,manual,2.39,,true,true,,,,,,,,,lb,
patches-for-clothes,,,,,,,,,3.0 inch - 200-499,00840400503219-200499,0,shopify,100,deny,manual,1.67,,true,true,,,,,,,,,lb,
patches-for-clothes,,,,,,,,,3.0 inch - 500-999,00840400503219-500999,0,shopify,100,deny,manual,1.22,,true,true,,,,,,,,,lb,
patches-for-clothes,,,,,,,,,3.0 inch - 1000+,00840400503219-1000,0,shopify,100,deny,manual,1.10,,true,true,,,,,,,,,lb,
patches-for-clothes,,,,,,,,,3.5 inch - 25-49,00840400502137-2549,0,shopify,100,deny,manual,4.31,,true,true,,https://cdn.shopify.com/s/files/1/0661/2965/7940/files/embriodary_15.jpg?v=1770382510,6,,,,,,lb,
patches-for-clothes,,,,,,,,,3.5 inch - 50-99,00840400502137-5099,0,shopify,100,deny,manual,3.75,,true,true,,,,,,,,,lb,
patches-for-clothes,,,,,,,,,3.5 inch - 100-199,00840400502137-100199,0,shopify,100,deny,manual,2.79,,true,true,,,,,,,,,lb,
patches-for-clothes,,,,,,,,,3.5 inch - 200-499,00840400502137-200499,0,shopify,100,deny,manual,1.95,,true,true,,,,,,,,,lb,
patches-for-clothes,,,,,,,,,3.5 inch - 500-999,00840400502137-500999,0,shopify,100,deny,manual,1.41,,true,true,,,,,,,,,lb,
patches-for-clothes,,,,,,,,,3.5 inch - 1000+,00840400502137-1000,0,shopify,100,deny,manual,1.26,,true,true,,,,,,,,,lb,
patches-for-clothes,,,,,,,,,4.0 inch - 25-49,00840400503226-2549,0,shopify,100,deny,manual,4.95,,true,true,,https://cdn.shopify.com/s/files/1/0661/2965/7940/files/embriodary_5.jpg?v=1770382510,7,,,,,,lb,
patches-for-clothes,,,,,,,,,4.0 inch - 50-99,00840400503226-5099,0,shopify,100,deny,manual,4.29,,true,true,,,,,,,,,lb,
patches-for-clothes,,,,,,,,,4.0 inch - 100-199,00840400503226-100199,0,shopify,100,deny,manual,3.17,,true,true,,,,,,,,,lb,
patches-for-clothes,,,,,,,,,4.0 inch - 200-499,00840400503226-200499,0,shopify,100,deny,manual,2.24,,true,true,,,,,,,,,lb,
patches-for-clothes,,,,,,,,,4.0 inch - 500-999,00840400503226-500999,0,shopify,100,deny,manual,1.64,,true,true,,,,,,,,,lb,
patches-for-clothes,,,,,,,,,4.0 inch - 1000+,00840400503226-1000,0,shopify,100,deny,manual,1.47,,true,true,,,,,,,,,lb,
patches-for-clothes,,,,,,,,,4.5 inch - 25-49,00840400502915-2549,0,shopify,100,deny,manual,5.55,,true,true,,https://cdn.shopify.com/s/files/1/0661/2965/7940/files/embriodary_6.jpg?v=1770382510,8,,,,,,lb,
patches-for-clothes,,,,,,,,,4.5 inch - 50-99,00840400502915-5099,0,shopify,100,deny,manual,4.82,,true,true,,,,,,,,,lb,
patches-for-clothes,,,,,,,,,4.5 inch - 100-199,00840400502915-100199,0,shopify,100,deny,manual,3.57,,true,true,,,,,,,,,lb,
patches-for-clothes,,,,,,,,,4.5 inch - 200-499,00840400502915-200499,0,shopify,100,deny,manual,2.52,,true,true,,,,,,,,,lb,
patches-for-clothes,,,,,,,,,4.5 inch - 500-999,00840400502915-500999,0,shopify,100,deny,manual,1.83,,true,true,,,,,,,,,lb,
patches-for-clothes,,,,,,,,,4.5 inch - 1000+,00840400502915-1000,0,shopify,100,deny,manual,1.67,,true,true,,,,,,,,,lb,
patches-for-clothes,,,,,,,,,5.0 inch - 25-49,00840400502984-2549,0,shopify,100,deny,manual,6.18,,true,true,,https://cdn.shopify.com/s/files/1/0661/2965/7940/files/embriodary_8.jpg?v=1770382511,9,,,,,,lb,
patches-for-clothes,,,,,,,,,5.0 inch - 50-99,00840400502984-5099,0,shopify,100,deny,manual,5.37,,true,true,,,,,,,,,lb,
patches-for-clothes,,,,,,,,,5.0 inch - 100-199,00840400502984-100199,0,shopify,100,deny,manual,3.96,,true,true,,,,,,,,,lb,
patches-for-clothes,,,,,,,,,5.0 inch - 200-499,00840400502984-200499,0,shopify,100,deny,manual,2.79,,true,true,,,,,,,,,lb,
patches-for-clothes,,,,,,,,,5.0 inch - 500-999,00840400502984-500999,0,shopify,100,deny,manual,2.04,,true,true,,,,,,,,,lb,
patches-for-clothes,,,,,,,,,5.0 inch - 1000+,00840400502984-1000,0,shopify,100,deny,manual,1.82,,true,true,,,,,,,,,lb,
patches-for-clothes,,,,,,,,,6.0 inch - 25-49,00840400503011-2549,0,shopify,100,deny,manual,7.41,,true,true,,,,,,,,,lb,
patches-for-clothes,,,,,,,,,6.0 inch - 50-99,00840400503011-5099,0,shopify,100,deny,manual,6.44,,true,true,,,,,,,,,lb,
patches-for-clothes,,,,,,,,,6.0 inch - 100-199,00840400503011-100199,0,shopify,100,deny,manual,4.77,,true,true,,,,,,,,,lb,
patches-for-clothes,,,,,,,,,6.0 inch - 200-499,00840400503011-200499,0,shopify,100,deny,manual,3.36,,true,true,,,,,,,,,lb,
patches-for-clothes,,,,,,,,,6.0 inch - 500-999,00840400503011-500999,0,shopify,100,deny,manual,2.46,,true,true,,,,,,,,,lb,
patches-for-clothes,,,,,,,,,6.0 inch - 1000+,00840400503011-1000,0,shopify,100,deny,manual,2.19,,true,true,,,,,,,,,lb,
patches-for-clothes,,,,,,,,,7.0 inch - 25-49,00840400502427-2549,0,shopify,100,deny,manual,8.64,,true,true,,,,,,,,,lb,
patches-for-clothes,,,,,,,,,7.0 inch - 50-99,00840400502427-5099,0,shopify,100,deny,manual,7.52,,true,true,,,,,,,,,lb,
patches-for-clothes,,,,,,,,,7.0 inch - 100-199,00840400502427-100199,0,shopify,100,deny,manual,5.57,,true,true,,,,,,,,,lb,
patches-for-clothes,,,,,,,,,7.0 inch - 200-499,00840400502427-200499,0,shopify,100,deny,manual,3.90,,true,true,,,,,,,,,lb,
patches-for-clothes,,,,,,,,,7.0 inch - 500-999,00840400502427-500999,0,shopify,100,deny,manual,2.85,,true,true,,,,,,,,,lb,
patches-for-clothes,,,,,,,,,7.0 inch - 1000+,00840400502427-1000,0,shopify,100,deny,manual,2.55,,true,true,,,,,,,,,lb,
patches-for-clothes,,,,,,,,,8.0 inch - 25-49,00840400502892-2549,0,shopify,100,deny,manual,9.87,,true,true,,,,,,,,,lb,
patches-for-clothes,,,,,,,,,8.0 inch - 50-99,00840400502892-5099,0,shopify,100,deny,manual,8.58,,true,true,,,,,,,,,lb,
patches-for-clothes,,,,,,,,,8.0 inch - 100-199,00840400502892-100199,0,shopify,100,deny,manual,6.35,,true,true,,,,,,,,,lb,
patches-for-clothes,,,,,,,,,8.0 inch - 200-499,00840400502892-200499,0,shopify,100,deny,manual,4.47,,true,true,,,,,,,,,lb,
patches-for-clothes,,,,,,,,,8.0 inch - 500-999,00840400502892-500999,0,shopify,100,deny,manual,3.26,,true,true,,,,,,,,,lb,
patches-for-clothes,,,,,,,,,8.0 inch - 1000+,00840400502892-1000,0,shopify,100,deny,manual,2.94,,true,true,,,,,,,,,lb,
patches-for-clothes,,,,,,,,,9.0 inch - 25-49,00840400503127-2549,0,shopify,100,deny,manual,11.10,,true,true,,,,,,,,,lb,
patches-for-clothes,,,,,,,,,9.0 inch - 50-99,00840400503127-5099,0,shopify,100,deny,manual,9.65,,true,true,,,,,,,,,lb,
patches-for-clothes,,,,,,,,,9.0 inch - 100-199,00840400503127-100199,0,shopify,100,deny,manual,7.14,,true,true,,,,,,,,,lb,
patches-for-clothes,,,,,,,,,9.0 inch - 200-499,00840400503127-200499,0,shopify,100,deny,manual,5.01,,true,true,,,,,,,,,lb,
patches-for-clothes,,,,,,,,,9.0 inch - 500-999,00840400503127-500999,0,shopify,100,deny,manual,3.68,,true,true,,,,,,,,,lb,
patches-for-clothes,,,,,,,,,9.0 inch - 1000+,00840400503127-1000,0,shopify,100,deny,manual,3.29,,true,true,,,,,,,,,lb,
patches-for-clothes,,,,,,,,,10.0 inch - 25-49,00840400503127B-2549,0,shopify,100,deny,manual,12.33,,true,true,,,,,,,,,lb,
patches-for-clothes,,,,,,,,,10.0 inch - 50-99,00840400503127B-5099,0,shopify,100,deny,manual,10.73,,true,true,,,,,,,,,lb,
patches-for-clothes,,,,,,,,,10.0 inch - 100-199,00840400503127B-100199,0,shopify,100,deny,manual,7.95,,true,true,,,,,,,,,lb,
patches-for-clothes,,,,,,,,,10.0 inch - 200-499,00840400503127B-200499,0,shopify,100,deny,manual,5.58,,true,true,,,,,,,,,lb,
patches-for-clothes,,,,,,,,,10.0 inch - 500-999,00840400503127B-500999,0,shopify,100,deny,manual,4.08,,true,true,,,,,,,,,lb,
patches-for-clothes,,,,,,,,,10.0 inch - 1000+,00840400503127B-1000,0,shopify,100,deny,manual,3.65,,true,true,,,,,,,,,lb,
patches-for-clothes,,,,,,,,,11.0 inch - 25-49,00840400503127C-2549,0,shopify,100,deny,manual,13.58,,true,true,,,,,,,,,lb,
patches-for-clothes,,,,,,,,,11.0 inch - 50-99,00840400503127C-5099,0,shopify,100,deny,manual,11.81,,true,true,,,,,,,,,lb,
patches-for-clothes,,,,,,,,,11.0 inch - 100-199,00840400503127C-100199,0,shopify,100,deny,manual,8.73,,true,true,,,,,,,,,lb,
patches-for-clothes,,,,,,,,,11.0 inch - 200-499,00840400503127C-200499,0,shopify,100,deny,manual,6.14,,true,true,,,,,,,,,lb,
patches-for-clothes,,,,,,,,,11.0 inch - 500-999,00840400503127C-500999,0,shopify,100,deny,manual,4.49,,true,true,,,,,,,,,lb,
patches-for-clothes,,,,,,,,,11.0 inch - 1000+,00840400503127C-1000,0,shopify,100,deny,manual,4.01,,true,true,,,,,,,,,lb,
patches-for-clothes,,,,,,,,,12.0 inch - 25-49,00840400503127D-2549,0,shopify,100,deny,manual,14.82,,true,true,,,,,,,,,lb,
patches-for-clothes,,,,,,,,,12.0 inch - 50-99,00840400503127D-5099,0,shopify,100,deny,manual,12.89,,true,true,,,,,,,,,lb,
patches-for-clothes,,,,,,,,,12.0 inch - 100-199,00840400503127D-100199,0,shopify,100,deny,manual,9.53,,true,true,,,,,,,,,lb,
patches-for-clothes,,,,,,,,,12.0 inch - 200-499,00840400503127D-200499,0,shopify,100,deny,manual,6.71,,true,true,,,,,,,,,lb,
patches-for-clothes,,,,,,,,,12.0 inch - 500-999,00840400503127D-500999,0,shopify,100,deny,manual,4.89,,true,true,,,,,,,,,lb,
patches-for-clothes,,,,,,,,,12.0 inch - 1000+,00840400503127D-1000,0,shopify,100,deny,manual,4.38,,true,true,,,,,,,,,lb,
